INSERT INTO "SERVICE" ("ID", "NAME", "NAMESPACE_JSON", "REQUEST_TEMPLATE_TEXT", "SERVICE_TYPE", "SOAP_ACTION", "HTTP_METHOD", "DATABASE_QUERY", "DESCRIPTION") VALUES
(34, 'GetAddressForPostCode-GetAddressForPostCode_by_postcode', '{"ns2":"http://virginmedia/schema/faults/2/1","ns1":"http://virginmedia/schema/ResponseHeader/2/1","soapenv":"http://schemas.xmlsoap.org/soap/envelope/","ns":"http://virginmedia/schema/GetAddressForPostCode/4/0"}', '<soapenv:Envelope xmlns:soapenv="http://schemas.xmlsoap.org/soap/envelope/" xmlns:ns="http://virginmedia/schema/GetAddressForPostCode/4/0" xmlns:ns1="http://virginmedia/schema/RequestHeader/1/4" xmlns:ns2="http://virginmedia/schema/BaseType/1/3">\n   <soapenv:Header/>\n   <soapenv:Body>\n      <ns:GetAddressForPostCodeRequest>\n         <ns:requestHeader>\n            <ns1:id>1</ns1:id>\n            <!--Optional:-->\n            <ns1:source>?</ns1:source>\n            <ns1:user>\n               <ns2:userId>?</ns2:userId>\n               <ns2:credentials>?</ns2:credentials>\n            </ns1:user>\n         </ns:requestHeader>\n         <!--Optional:-->\n         <ns:postalAddress>\n            <!--Optional:-->\n            <ns:displayAddress>?</ns:displayAddress>\n            <!--Optional:-->\n            <ns:buildingID>?</ns:buildingID>\n            <!--Optional:-->\n            <ns:building>?</ns:building>\n            <!--Optional:-->\n            <ns:apartment>?</ns:apartment>\n            <!--Optional:-->\n            <ns:buildingName>?</ns:buildingName>\n            <!--Optional:-->\n            <ns:county>?</ns:county>\n            <!--Optional:-->\n            <ns:locality>?</ns:locality>\n            <!--Optional:-->\n            <ns:postcodeSuffix>?</ns:postcodeSuffix>\n            <!--Optional:-->\n            <ns:streetName>?</ns:streetName>\n            <!--Optional:-->\n            <ns:streetType>?</ns:streetType>\n            <!--Optional:-->\n            <ns:subBuildingID>?</ns:subBuildingID>\n            <!--Optional:-->\n            <ns:town>?</ns:town>\n            <#if sctParam.country??>\n            <!--Optional:-->\n            <ns:country>${sctParam.country}</ns:country>\n            </#if>\n            <!--Optional:-->\n            <ns:postcode>${sctParam.postcode}</ns:postcode>\n            <#if sctParam.addressIdentification.identifierType??>\n            <!--Zero or more repetitions:-->\n            <ns:addressIdentification>\n               <ns:identifierType>${sctParam.addressIdentification.identifierType}</ns:identifierType>\n               <ns:addressIdentifier>${sctParam.addressIdentification.addressIdentifier}</ns:addressIdentifier>\n            </ns:addressIdentification>\n            </#if>\n            <!--Optional:-->\n            <ns:handoverPointDetails>\n               <ns:L2SID>?</ns:L2SID>\n               <ns:HandoverPortID>?</ns:HandoverPortID>\n               <ns:SVLANID>?</ns:SVLANID>\n               <ns:exchangeRef>?</ns:exchangeRef>\n            </ns:handoverPointDetails>\n         </ns:postalAddress>\n         <!--Optional:-->\n         <ns:serviceDirective>?</ns:serviceDirective>\n      </ns:GetAddressForPostCodeRequest>\n   </soapenv:Body>\n</soapenv:Envelope>', 'WEBSERVICE', 'GetAddressForPostCode', NULL, NULL, 'desc1'),
(29, 'GetAddressForPostCode-GetAddressForPostCode_by_id', '{"ns2":"http://virginmedia/schema/faults/2/1","ns1":"http://virginmedia/schema/ResponseHeader/2/1","soapenv":"http://schemas.xmlsoap.org/soap/envelope/","ns":"http://virginmedia/schema/GetAddressForPostCode/4/0"}', '<soapenv:Envelope xmlns:soapenv="http://schemas.xmlsoap.org/soap/envelope/" xmlns:ns="http://virginmedia/schema/GetAddressForPostCode/4/0" xmlns:ns1="http://virginmedia/schema/RequestHeader/1/4" xmlns:ns2="http://virginmedia/schema/BaseType/1/3">\n   <soapenv:Header/>\n   <soapenv:Body>\n      <ns:GetAddressForPostCodeRequest>\n         <ns:requestHeader>\n            <ns1:id>${sctParam.id}</ns1:id>\n            <!--Optional:-->\n            <ns1:source>?</ns1:source>\n            <ns1:user>\n               <ns2:userId>?</ns2:userId>\n               <ns2:credentials>?</ns2:credentials>\n            </ns1:user>\n         </ns:requestHeader>\n         <!--Optional:-->\n         <ns:postalAddress>\n            <!--Optional:-->\n            <ns:displayAddress>?</ns:displayAddress>\n            <!--Optional:-->\n            <ns:buildingID>?</ns:buildingID>\n            <!--Optional:-->\n            <ns:building>?</ns:building>\n            <!--Optional:-->\n            <ns:apartment>?</ns:apartment>\n            <!--Optional:-->\n            <ns:buildingName>?</ns:buildingName>\n            <!--Optional:-->\n            <ns:county>?</ns:county>\n            <!--Optional:-->\n            <ns:locality>?</ns:locality>\n            <!--Optional:-->\n            <ns:nonUKPostcode>BH1 3EH</ns:nonUKPostcode>\n            <!--Optional:-->\n            <ns:postcodeSuffix>?</ns:postcodeSuffix>\n            <!--Optional:-->\n            <ns:streetName>?</ns:streetName>\n            <!--Optional:-->\n            <ns:streetType>?</ns:streetType>\n            <!--Optional:-->\n            <ns:subBuildingID>?</ns:subBuildingID>\n            <!--Optional:-->\n            <ns:town>?</ns:town>\n            <!--Optional:-->\n            <ns:country>HU</ns:country>\n            <!--Optional:-->\n            <ns:postcode>BH1 3EH</ns:postcode>\n            <!--Zero or more repetitions:-->\n            <ns:addressIdentification>\n               <ns:identifierType>?</ns:identifierType>\n               <ns:addressIdentifier>?</ns:addressIdentifier>\n               <!--Optional:-->\n               <ns:instanceIdentifier>?</ns:instanceIdentifier>\n            </ns:addressIdentification>\n            <!--Optional:-->\n            <ns:handoverPointDetails>\n               <ns:L2SID>?</ns:L2SID>\n               <ns:HandoverPortID>?</ns:HandoverPortID>\n               <ns:SVLANID>?</ns:SVLANID>\n               <ns:exchangeRef>?</ns:exchangeRef>\n            </ns:handoverPointDetails>\n         </ns:postalAddress>\n         <!--Optional:-->\n         <ns:serviceDirective>?</ns:serviceDirective>\n      </ns:GetAddressForPostCodeRequest>\n   </soapenv:Body>\n</soapenv:Envelope>', 'WEBSERVICE', 'GetAddressForPostCode', NULL, NULL, 'desc1');

INSERT INTO "POI" ("ID", "NAME", "SINGLE_VALUE", "ENCRYPTION_NEEDED", "SERVICE_ID", "DESCRIPTION") VALUES
(38, 'postcode->fullAddress', 'false', 0, 29, 'desc2'),
(39, 'postcode->buildingName', 'true', 0, 29, 'desc2'),
(41, 'postcode->some_strange_value', 'false', 0, 34, 'desc2');

INSERT INTO "ENDPOINT" ("ID", "URL", "SERVICE_ID") VALUES
(96, 'http://lap50215:8083/mockGetAddressForPostCode', 29),
(101, 'http://lap50215:8083/mockGetAddressForPostCode', 34);

INSERT INTO "EXTRACT" ("ID", "PATH", "POI_ID") VALUES
(529, '/soapenv:Envelope/soapenv:Body/ns:GetAddressForPostCodeResponse/ns:postalAddress/ns:buildingName', 39),
(547, '/soapenv:Envelope/soapenv:Body/ns:GetAddressForPostCodeResponse/ns:postalAddress/ns:apartment', 38),
(548, '/soapenv:Envelope/soapenv:Body/ns:GetAddressForPostCodeResponse/ns:postalAddress/ns:country', 38),
(549, '/soapenv:Envelope/soapenv:Body/ns:GetAddressForPostCodeResponse/ns:postalAddress/ns:town', 38),
(550, '/soapenv:Envelope/soapenv:Body/ns:GetAddressForPostCodeResponse/ns:postalAddress/ns:buildingName', 38),
(551, '/soapenv:Envelope/soapenv:Body/ns:GetAddressForPostCodeResponse/ns:postalAddress/ns:addressIdentification/ns:identifierType', 38),
(552, '/soapenv:Envelope/soapenv:Body/ns:GetAddressForPostCodeResponse/ns:postalAddress/ns:addressIdentification/ns:instanceIdentifier', 38),
(553, '/soapenv:Envelope/soapenv:Body/ns:GetAddressForPostCodeResponse/ns:postalAddress/ns:addressIdentification/ns:addressIdentifier', 38),
(554, '/soapenv:Envelope/soapenv:Body/ns:GetAddressForPostCodeResponse/ns:postalAddress/ns:streetType', 38),
(555, '/soapenv:Envelope/soapenv:Body/ns:GetAddressForPostCodeResponse/ns:postalAddress/ns:displayAddress', 38),
(556, '/soapenv:Envelope/soapenv:Body/ns:GetAddressForPostCodeResponse/ns:postalAddress/ns:county', 38),
(557, '/soapenv:Envelope/soapenv:Body/ns:GetAddressForPostCodeResponse/ns:postalAddress/ns:buildingID', 38),
(558, '/soapenv:Envelope/soapenv:Body/ns:GetAddressForPostCodeResponse/ns:postalAddress/ns:subBuildingID', 38),
(559, '/soapenv:Envelope/soapenv:Body/ns:GetAddressForPostCodeResponse/ns:postalAddress/ns:locality', 38),
(560, '/soapenv:Envelope/soapenv:Body/ns:GetAddressForPostCodeResponse/ns:postalAddress/ns:streetName', 38),
(561, '/soapenv:Envelope/soapenv:Body/ns:GetAddressForPostCodeResponse/ns:postalAddress/ns:postcodeSuffix', 38),
(564, '/soapenv:Envelope/soapenv:Body/ns:GetAddressForPostCodeResponse/ns:postalAddress/ns:addressIdentification/ns:identifierType', 41),
(565, '/soapenv:Envelope/soapenv:Body/ns:GetAddressForPostCodeResponse/ns:postalAddress/ns:buildingID', 41);

INSERT INTO "SERVER" ("ID", "NAME", "URL") VALUES (1, 'local', 'http://localhost:8080/server-engine');

INSERT INTO "STAT_SERVICE_POI_DATE_CNT" ("ID", "CNT", "PERIOD_START", "POI_NAME", "SERVICE_NAME", "SERVICE_TYPE", "SUCCESSFUL", "POI_ID", "SERVICE_ID") VALUES
(165, 25, '2015-04-14 14:40:00', 'postcode->buildingName', 'GetAddressForPostCode-GetAddressForPostCode_by_id', 'WEBSERVICE', b'1', 39, 29),
(166, 22, '2015-04-14 14:40:00', 'postcode->fullAddress', 'GetAddressForPostCode-GetAddressForPostCode_by_id', 'WEBSERVICE', b'1', 38, 29),
(167, 25, '2015-04-14 14:40:00', 'postcode->some_strange_value', 'GetAddressForPostCode-GetAddressForPostCode_by_postcode', 'WEBSERVICE', b'1', 41, 34),
(168, 1, '2015-04-14 14:40:00', 'postcode->fullAddress', 'GetAddressForPostCode-GetAddressForPostCode_by_id', 'WEBSERVICE', b'1', 38, 29),
(169, 1, '2015-04-14 14:40:00', 'postcode->fullAddress', 'GetAddressForPostCode-GetAddressForPostCode_by_id', 'WEBSERVICE', b'1', 38, 29),
(170, 1, '2015-04-14 14:40:00', 'postcode->fullAddress', 'GetAddressForPostCode-GetAddressForPostCode_by_id', 'WEBSERVICE', b'1', 38, 29),
(171, 25, '2015-04-14 15:15:00', 'postcode->fullAddress', 'GetAddressForPostCode-GetAddressForPostCode_by_id', 'WEBSERVICE', b'1', 38, 29),
(172, 25, '2015-04-14 15:15:00', 'postcode->some_strange_value', 'GetAddressForPostCode-GetAddressForPostCode_by_postcode', 'WEBSERVICE', b'1', 41, 34),
(173, 25, '2015-04-14 15:15:00', 'postcode->buildingName', 'GetAddressForPostCode-GetAddressForPostCode_by_id', 'WEBSERVICE', b'1', 39, 29),
(174, 6, '2015-04-14 15:20:00', 'postcode->some_strange_value', 'GetAddressForPostCode-GetAddressForPostCode_by_postcode', 'WEBSERVICE', b'1', 41, 34),
(175, 6, '2015-04-14 15:20:00', 'postcode->fullAddress', 'GetAddressForPostCode-GetAddressForPostCode_by_id', 'WEBSERVICE', b'1', 38, 29),
(176, 6, '2015-04-14 15:20:00', 'postcode->buildingName', 'GetAddressForPostCode-GetAddressForPostCode_by_id', 'WEBSERVICE', b'0', 39, 29),
(177, 1, '2015-04-14 15:20:00', 'postcode->buildingName', 'GetAddressForPostCode-GetAddressForPostCode_by_id', 'WEBSERVICE', b'0', 39, 29);

